School,Year,W,L,Pct,Year Link
Air Force,2024,5,7,.417,https://www.sports-reference.com/cfb/schools/air-force/2024.html
Air Force,2023,9,4,.692,https://www.sports-reference.com/cfb/schools/air-force/2023.html
Air Force,2022,10,3,.769,https://www.sports-reference.com/cfb/schools/air-force/2022.html
Akron,2024,4,8,.333,https://www.sports-reference.com/cfb/schools/akron/2024.html
Akron,2023,2,10,.167,https://www.sports-reference.com/cfb/schools/akron/2023.html
Akron,2022,2,10,.167,https://www.sports-reference.com/cfb/schools/akron/2022.html
Alabama,2024,9,4,.692,https://www.sports-reference.com/cfb/schools/alabama/2024.html
Alabama,2023,12,2,.857,https://www.sports-reference.com/cfb/schools/alabama/2023.html
Alabama,2022,11,2,.846,https://www.sports-reference.com/cfb/schools/alabama/2022.html
Appalachian State,2024,5,6,.455,https://www.sports-reference.com/cfb/schools/appalachian-state/2024.html
Appalachian State,2023,9,5,.643,https://www.sports-reference.com/cfb/schools/appalachian-state/2023.html
Appalachian State,2022,6,6,.500,https://www.sports-reference.com/cfb/schools/appalachian-state/2022.html
Arizona,2024,4,8,.333,https://www.sports-reference.com/cfb/schools/arizona/2024.html
Arizona,2023,10,3,.769,https://www.sports-reference.com/cfb/schools/arizona/2023.html
Arizona,2022,5,7,.417,https://www.sports-reference.com/cfb/schools/arizona/2022.html
Arizona State,2024,11,3,.786,https://www.sports-reference.com/cfb/schools/arizona-state/2024.html
Arizona State,2023,3,9,.250,https://www.sports-reference.com/cfb/schools/arizona-state/2023.html
Arizona State,2022,3,9,.250,https://www.sports-reference.com/cfb/schools/arizona-state/2022.html
Arkansas,2024,7,6,.538,https://www.sports-reference.com/cfb/schools/arkansas/2024.html
Arkansas,2023,4,8,.333,https://www.sports-reference.com/cfb/schools/arkansas/2023.html
Arkansas,2022,7,6,.538,https://www.sports-reference.com/cfb/schools/arkansas/2022.html
Arkansas State,2024,8,5,.615,https://www.sports-reference.com/cfb/schools/arkansas-state/2024.html
Arkansas State,2023,6,7,.462,https://www.sports-reference.com/cfb/schools/arkansas-state/2023.html
Arkansas State,2022,3,9,.250,https://www.sports-reference.com/cfb/schools/arkansas-state/2022.html
Army,2024,12,2,.857,https://www.sports-reference.com/cfb/schools/army/2024.html
Army,2023,6,6,.500,https://www.sports-reference.com/cfb/schools/army/2023.html
Army,2022,6,6,.500,https://www.sports-reference.com/cfb/schools/army/2022.html
Auburn,2024,5,7,.417,https://www.sports-reference.com/cfb/schools/auburn/2024.html
Auburn,2023,6,7,.462,https://www.sports-reference.com/cfb/schools/auburn/2023.html
Auburn,2022,5,7,.417,https://www.sports-reference.com/cfb/schools/auburn/2022.html
Ball State,2024,3,9,.250,https://www.sports-reference.com/cfb/schools/ball-state/2024.html
Ball State,2023,4,8,.333,https://www.sports-reference.com/cfb/schools/ball-state/2023.html
Ball State,2022,5,7,.417,https://www.sports-reference.com/cfb/schools/ball-state/2022.html
Baylor,2024,8,5,.615,https://www.sports-reference.com/cfb/schools/baylor/2024.html
Baylor,2023,3,9,.250,https://www.sports-reference.com/cfb/schools/baylor/2023.html
Baylor,2022,6,7,.462,https://www.sports-reference.com/cfb/schools/baylor/2022.html
Boise State,2024,12,2,.857,https://www.sports-reference.com/cfb/schools/boise-state/2024.html
Boise State,2023,8,6,.571,https://www.sports-reference.com/cfb/schools/boise-state/2023.html
Boise State,2022,10,4,.714,https://www.sports-reference.com/cfb/schools/boise-state/2022.html
Boston College,2024,7,6,.538,https://www.sports-reference.com/cfb/schools/boston-college/2024.html
Boston College,2023,7,6,.538,https://www.sports-reference.com/cfb/schools/boston-college/2023.html
Boston College,2022,3,9,.250,https://www.sports-reference.com/cfb/schools/boston-college/2022.html
Bowling Green,2024,7,6,.538,https://www.sports-reference.com/cfb/schools/bowling-green-state/2024.html
Bowling Green,2023,7,6,.538,https://www.sports-reference.com/cfb/schools/bowling-green-state/2023.html
Bowling Green,2022,6,7,.462,https://www.sports-reference.com/cfb/schools/bowling-green-state/2022.html
Buffalo,2024,9,4,.692,https://www.sports-reference.com/cfb/schools/buffalo/2024.html
Buffalo,2023,3,9,.250,https://www.sports-reference.com/cfb/schools/buffalo/2023.html
Buffalo,2022,7,6,.538,https://www.sports-reference.com/cfb/schools/buffalo/2022.html
BYU,2024,11,2,.846,https://www.sports-reference.com/cfb/schools/brigham-young/2024.html
BYU,2023,5,7,.417,https://www.sports-reference.com/cfb/schools/brigham-young/2023.html
BYU,2022,8,5,.615,https://www.sports-reference.com/cfb/schools/brigham-young/2022.html
California,2024,6,7,.462,https://www.sports-reference.com/cfb/schools/california/2024.html
California,2023,6,7,.462,https://www.sports-reference.com/cfb/schools/california/2023.html
California,2022,4,8,.333,https://www.sports-reference.com/cfb/schools/california/2022.html
Central Michigan,2024,4,8,.333,https://www.sports-reference.com/cfb/schools/central-michigan/2024.html
Central Michigan,2023,5,7,.417,https://www.sports-reference.com/cfb/schools/central-michigan/2023.html
Central Michigan,2022,4,8,.333,https://www.sports-reference.com/cfb/schools/central-michigan/2022.html
Cincinnati,2024,5,7,.417,https://www.sports-reference.com/cfb/schools/cincinnati/2024.html
Cincinnati,2023,3,9,.250,https://www.sports-reference.com/cfb/schools/cincinnati/2023.html
Cincinnati,2022,9,4,.692,https://www.sports-reference.com/cfb/schools/cincinnati/2022.html
Clemson,2024,10,4,.714,https://www.sports-reference.com/cfb/schools/clemson/2024.html
Clemson,2023,9,4,.692,https://www.sports-reference.com/cfb/schools/clemson/2023.html
Clemson,2022,11,3,.786,https://www.sports-reference.com/cfb/schools/clemson/2022.html
Colorado,2024,9,4,.692,https://www.sports-reference.com/cfb/schools/colorado/2024.html
Colorado,2023,4,8,.333,https://www.sports-reference.com/cfb/schools/colorado/2023.html
Colorado,2022,1,11,.083,https://www.sports-reference.com/cfb/schools/colorado/2022.html
Colorado State,2024,8,5,.615,https://www.sports-reference.com/cfb/schools/colorado-state/2024.html
Colorado State,2023,5,7,.417,https://www.sports-reference.com/cfb/schools/colorado-state/2023.html
Colorado State,2022,3,9,.250,https://www.sports-reference.com/cfb/schools/colorado-state/2022.html
Connecticut,2024,9,4,.692,https://www.sports-reference.com/cfb/schools/connecticut/2024.html
Connecticut,2023,3,9,.250,https://www.sports-reference.com/cfb/schools/connecticut/2023.html
Connecticut,2022,6,7,.462,https://www.sports-reference.com/cfb/schools/connecticut/2022.html
Duke,2024,9,4,.692,https://www.sports-reference.com/cfb/schools/duke/2024.html
Duke,2023,8,5,.615,https://www.sports-reference.com/cfb/schools/duke/2023.html
Duke,2022,9,4,.692,https://www.sports-reference.com/cfb/schools/duke/2022.html
East Carolina,2024,8,5,.615,https://www.sports-reference.com/cfb/schools/east-carolina/2024.html
East Carolina,2023,2,10,.167,https://www.sports-reference.com/cfb/schools/east-carolina/2023.html
East Carolina,2022,8,5,.615,https://www.sports-reference.com/cfb/schools/east-carolina/2022.html
Eastern Michigan,2024,5,7,.417,https://www.sports-reference.com/cfb/schools/eastern-michigan/2024.html
Eastern Michigan,2023,6,7,.462,https://www.sports-reference.com/cfb/schools/eastern-michigan/2023.html
Eastern Michigan,2022,9,4,.692,https://www.sports-reference.com/cfb/schools/eastern-michigan/2022.html
Florida,2024,8,5,.615,https://www.sports-reference.com/cfb/schools/florida/2024.html
Florida,2023,5,7,.417,https://www.sports-reference.com/cfb/schools/florida/2023.html
Florida,2022,6,7,.462,https://www.sports-reference.com/cfb/schools/florida/2022.html
Florida Atlantic,2024,3,9,.250,https://www.sports-reference.com/cfb/schools/florida-atlantic/2024.html
Florida Atlantic,2023,4,8,.333,https://www.sports-reference.com/cfb/schools/florida-atlantic/2023.html
Florida Atlantic,2022,5,7,.417,https://www.sports-reference.com/cfb/schools/florida-atlantic/2022.html
Florida International,2024,4,8,.333,https://www.sports-reference.com/cfb/schools/florida-international/2024.html
Florida International,2023,4,8,.333,https://www.sports-reference.com/cfb/schools/florida-international/2023.html
Florida International,2022,4,8,.333,https://www.sports-reference.com/cfb/schools/florida-international/2022.html
Florida State,2024,2,10,.167,https://www.sports-reference.com/cfb/schools/florida-state/2024.html
Florida State,2023,13,1,.929,https://www.sports-reference.com/cfb/schools/florida-state/2023.html
Florida State,2022,10,3,.769,https://www.sports-reference.com/cfb/schools/florida-state/2022.html
Fresno State,2024,6,7,.462,https://www.sports-reference.com/cfb/schools/fresno-state/2024.html
Fresno State,2023,9,4,.692,https://www.sports-reference.com/cfb/schools/fresno-state/2023.html
Fresno State,2022,10,4,.714,https://www.sports-reference.com/cfb/schools/fresno-state/2022.html
Georgia,2024,11,3,.786,https://www.sports-reference.com/cfb/schools/georgia/2024.html
Georgia,2023,13,1,.929,https://www.sports-reference.com/cfb/schools/georgia/2023.html
Georgia,2022,15,0,1.000,https://www.sports-reference.com/cfb/schools/georgia/2022.html
Georgia Southern,2024,8,5,.615,https://www.sports-reference.com/cfb/schools/georgia-southern/2024.html
Georgia Southern,2023,6,7,.462,https://www.sports-reference.com/cfb/schools/georgia-southern/2023.html
Georgia Southern,2022,6,7,.462,https://www.sports-reference.com/cfb/schools/georgia-southern/2022.html
Georgia State,2024,3,9,.250,https://www.sports-reference.com/cfb/schools/georgia-state/2024.html
Georgia State,2023,7,6,.538,https://www.sports-reference.com/cfb/schools/georgia-state/2023.html
Georgia State,2022,4,8,.333,https://www.sports-reference.com/cfb/schools/georgia-state/2022.html
Georgia Tech,2024,7,6,.538,https://www.sports-reference.com/cfb/schools/georgia-tech/2024.html
Georgia Tech,2023,7,6,.538,https://www.sports-reference.com/cfb/schools/georgia-tech/2023.html
Georgia Tech,2022,5,7,.417,https://www.sports-reference.com/cfb/schools/georgia-tech/2022.html
Hawaii,2024,5,7,.417,https://www.sports-reference.com/cfb/schools/hawaii/2024.html
Hawaii,2023,5,8,.385,https://www.sports-reference.com/cfb/schools/hawaii/2023.html
Hawaii,2022,3,10,.231,https://www.sports-reference.com/cfb/schools/hawaii/2022.html
Houston,2024,4,8,.333,https://www.sports-reference.com/cfb/schools/houston/2024.html
Houston,2023,4,8,.333,https://www.sports-reference.com/cfb/schools/houston/2023.html
Houston,2022,8,5,.615,https://www.sports-reference.com/cfb/schools/houston/2022.html
Illinois,2024,10,3,.769,https://www.sports-reference.com/cfb/schools/illinois/2024.html
Illinois,2023,5,7,.417,https://www.sports-reference.com/cfb/schools/illinois/2023.html
Illinois,2022,8,5,.615,https://www.sports-reference.com/cfb/schools/illinois/2022.html
Indiana,2024,11,2,.846,https://www.sports-reference.com/cfb/schools/indiana/2024.html
Indiana,2023,3,9,.250,https://www.sports-reference.com/cfb/schools/indiana/2023.html
Indiana,2022,4,8,.333,https://www.sports-reference.com/cfb/schools/indiana/2022.html
Iowa,2024,8,5,.615,https://www.sports-reference.com/cfb/schools/iowa/2024.html
Iowa,2023,10,4,.714,https://www.sports-reference.com/cfb/schools/iowa/2023.html
Iowa,2022,8,5,.615,https://www.sports-reference.com/cfb/schools/iowa/2022.html
Iowa State,2024,11,3,.786,https://www.sports-reference.com/cfb/schools/iowa-state/2024.html
Iowa State,2023,7,6,.538,https://www.sports-reference.com/cfb/schools/iowa-state/2023.html
Iowa State,2022,4,8,.333,https://www.sports-reference.com/cfb/schools/iowa-state/2022.html
Kansas,2024,5,7,.417,https://www.sports-reference.com/cfb/schools/kansas/2024.html
Kansas,2023,9,4,.692,https://www.sports-reference.com/cfb/schools/kansas/2023.html
Kansas,2022,6,7,.462,https://www.sports-reference.com/cfb/schools/kansas/2022.html
Kansas State,2024,9,4,.692,https://www.sports-reference.com/cfb/schools/kansas-state/2024.html
Kansas State,2023,9,4,.692,https://www.sports-reference.com/cfb/schools/kansas-state/2023.html
Kansas State,2022,10,4,.714,https://www.sports-reference.com/cfb/schools/kansas-state/2022.html
Kent State,2024,0,12,.000,https://www.sports-reference.com/cfb/schools/kent-state/2024.html
Kent State,2023,1,11,.083,https://www.sports-reference.com/cfb/schools/kent-state/2023.html
Kent State,2022,5,7,.417,https://www.sports-reference.com/cfb/schools/kent-state/2022.html
Kentucky,2024,4,8,.333,https://www.sports-reference.com/cfb/schools/kentucky/2024.html
Kentucky,2023,7,6,.538,https://www.sports-reference.com/cfb/schools/kentucky/2023.html
Kentucky,2022,7,6,.538,https://www.sports-reference.com/cfb/schools/kentucky/2022.html
Louisiana,2024,10,4,.714,https://www.sports-reference.com/cfb/schools/louisiana-lafayette/2024.html
Louisiana,2023,6,7,.462,https://www.sports-reference.com/cfb/schools/louisiana-lafayette/2023.html
Louisiana,2022,6,7,.462,https://www.sports-reference.com/cfb/schools/louisiana-lafayette/2022.html
Louisiana Tech,2024,5,8,.385,https://www.sports-reference.com/cfb/schools/louisiana-tech/2024.html
Louisiana Tech,2023,3,9,.250,https://www.sports-reference.com/cfb/schools/louisiana-tech/2023.html
Louisiana Tech,2022,3,9,.250,https://www.sports-reference.com/cfb/schools/louisiana-tech/2022.html
Louisiana-Monroe,2024,5,7,.417,https://www.sports-reference.com/cfb/schools/louisiana-monroe/2024.html
Louisiana-Monroe,2023,2,10,.167,https://www.sports-reference.com/cfb/schools/louisiana-monroe/2023.html
Louisiana-Monroe,2022,4,8,.333,https://www.sports-reference.com/cfb/schools/louisiana-monroe/2022.html
Louisville,2024,9,4,.692,https://www.sports-reference.com/cfb/schools/louisville/2024.html
Louisville,2023,10,4,.714,https://www.sports-reference.com/cfb/schools/louisville/2023.html
Louisville,2022,8,5,.615,https://www.sports-reference.com/cfb/schools/louisville/2022.html
LSU,2024,9,4,.692,https://www.sports-reference.com/cfb/schools/louisiana-state/2024.html
LSU,2023,10,3,.769,https://www.sports-reference.com/cfb/schools/louisiana-state/2023.html
LSU,2022,10,4,.714,https://www.sports-reference.com/cfb/schools/louisiana-state/2022.html
Marshall,2024,10,3,.769,https://www.sports-reference.com/cfb/schools/marshall/2024.html
Marshall,2023,6,7,.462,https://www.sports-reference.com/cfb/schools/marshall/2023.html
Marshall,2022,9,4,.692,https://www.sports-reference.com/cfb/schools/marshall/2022.html
Maryland,2024,4,8,.333,https://www.sports-reference.com/cfb/schools/maryland/2024.html
Maryland,2023,8,5,.615,https://www.sports-reference.com/cfb/schools/maryland/2023.html
Maryland,2022,8,5,.615,https://www.sports-reference.com/cfb/schools/maryland/2022.html
Massachusetts,2024,2,10,.167,https://www.sports-reference.com/cfb/schools/massachusetts/2024.html
Massachusetts,2023,3,9,.250,https://www.sports-reference.com/cfb/schools/massachusetts/2023.html
Massachusetts,2022,1,11,.083,https://www.sports-reference.com/cfb/schools/massachusetts/2022.html
Memphis,2024,11,2,.846,https://www.sports-reference.com/cfb/schools/memphis/2024.html
Memphis,2023,10,3,.769,https://www.sports-reference.com/cfb/schools/memphis/2023.html
Memphis,2022,7,6,.538,https://www.sports-reference.com/cfb/schools/memphis/2022.html
Miami (FL),2024,10,3,.769,https://www.sports-reference.com/cfb/schools/miami-fl/2024.html
Miami (FL),2023,7,6,.538,https://www.sports-reference.com/cfb/schools/miami-fl/2023.html
Miami (FL),2022,5,7,.417,https://www.sports-reference.com/cfb/schools/miami-fl/2022.html
Miami (OH),2024,9,5,.643,https://www.sports-reference.com/cfb/schools/miami-oh/2024.html
Miami (OH),2023,11,3,.786,https://www.sports-reference.com/cfb/schools/miami-oh/2023.html
Miami (OH),2022,6,7,.462,https://www.sports-reference.com/cfb/schools/miami-oh/2022.html
Michigan,2024,8,5,.615,https://www.sports-reference.com/cfb/schools/michigan/2024.html
Michigan,2023,15,0,1.000,https://www.sports-reference.com/cfb/schools/michigan/2023.html
Michigan,2022,13,1,.929,https://www.sports-reference.com/cfb/schools/michigan/2022.html
Michigan State,2024,5,7,.417,https://www.sports-reference.com/cfb/schools/michigan-state/2024.html
Michigan State,2023,4,8,.333,https://www.sports-reference.com/cfb/schools/michigan-state/2023.html
Michigan State,2022,5,7,.417,https://www.sports-reference.com/cfb/schools/michigan-state/2022.html
Middle Tennessee State,2024,3,9,.250,https://www.sports-reference.com/cfb/schools/middle-tennessee-state/2024.html
Middle Tennessee State,2023,4,8,.333,https://www.sports-reference.com/cfb/schools/middle-tennessee-state/2023.html
Middle Tennessee State,2022,8,5,.615,https://www.sports-reference.com/cfb/schools/middle-tennessee-state/2022.html
Minnesota,2024,8,5,.615,https://www.sports-reference.com/cfb/schools/minnesota/2024.html
Minnesota,2023,6,7,.462,https://www.sports-reference.com/cfb/schools/minnesota/2023.html
Minnesota,2022,9,4,.692,https://www.sports-reference.com/cfb/schools/minnesota/2022.html
Mississippi State,2024,2,10,.167,https://www.sports-reference.com/cfb/schools/mississippi-state/2024.html
Mississippi State,2023,5,7,.417,https://www.sports-reference.com/cfb/schools/mississippi-state/2023.html
Mississippi State,2022,9,4,.692,https://www.sports-reference.com/cfb/schools/mississippi-state/2022.html
Missouri,2024,10,3,.769,https://www.sports-reference.com/cfb/schools/missouri/2024.html
Missouri,2023,11,2,.846,https://www.sports-reference.com/cfb/schools/missouri/2023.html
Missouri,2022,6,7,.462,https://www.sports-reference.com/cfb/schools/missouri/2022.html
Navy,2024,10,3,.769,https://www.sports-reference.com/cfb/schools/navy/2024.html
Navy,2023,5,7,.417,https://www.sports-reference.com/cfb/schools/navy/2023.html
Navy,2022,4,8,.333,https://www.sports-reference.com/cfb/schools/navy/2022.html
Nebraska,2024,7,6,.538,https://www.sports-reference.com/cfb/schools/nebraska/2024.html
Nebraska,2023,5,7,.417,https://www.sports-reference.com/cfb/schools/nebraska/2023.html
Nebraska,2022,4,8,.333,https://www.sports-reference.com/cfb/schools/nebraska/2022.html
Nevada,2024,3,10,.231,https://www.sports-reference.com/cfb/schools/nevada/2024.html
Nevada,2023,2,10,.167,https://www.sports-reference.com/cfb/schools/nevada/2023.html
Nevada,2022,2,10,.167,https://www.sports-reference.com/cfb/schools/nevada/2022.html
Nevada-Las Vegas,2024,11,3,.786,https://www.sports-reference.com/cfb/schools/nevada-las-vegas/2024.html
Nevada-Las Vegas,2023,9,5,.643,https://www.sports-reference.com/cfb/schools/nevada-las-vegas/2023.html
Nevada-Las Vegas,2022,5,7,.417,https://www.sports-reference.com/cfb/schools/nevada-las-vegas/2022.html
New Mexico,2024,5,7,.417,https://www.sports-reference.com/cfb/schools/new-mexico/2024.html
New Mexico,2023,4,8,.333,https://www.sports-reference.com/cfb/schools/new-mexico/2023.html
New Mexico,2022,2,10,.167,https://www.sports-reference.com/cfb/schools/new-mexico/2022.html
New Mexico State,2024,3,9,.250,https://www.sports-reference.com/cfb/schools/new-mexico-state/2024.html
New Mexico State,2023,10,5,.667,https://www.sports-reference.com/cfb/schools/new-mexico-state/2023.html
New Mexico State,2022,7,6,.538,https://www.sports-reference.com/cfb/schools/new-mexico-state/2022.html
North Carolina,2024,6,7,.462,https://www.sports-reference.com/cfb/schools/north-carolina/2024.html
North Carolina,2023,8,5,.615,https://www.sports-reference.com/cfb/schools/north-carolina/2023.html
North Carolina,2022,9,5,.643,https://www.sports-reference.com/cfb/schools/north-carolina/2022.html
North Carolina State,2024,6,7,.462,https://www.sports-reference.com/cfb/schools/north-carolina-state/2024.html
North Carolina State,2023,9,4,.692,https://www.sports-reference.com/cfb/schools/north-carolina-state/2023.html
North Carolina State,2022,8,5,.615,https://www.sports-reference.com/cfb/schools/north-carolina-state/2022.html
North Texas,2024,6,7,.462,https://www.sports-reference.com/cfb/schools/north-texas/2024.html
North Texas,2023,5,7,.417,https://www.sports-reference.com/cfb/schools/north-texas/2023.html
North Texas,2022,7,7,.500,https://www.sports-reference.com/cfb/schools/north-texas/2022.html
Northern Illinois,2024,8,5,.615,https://www.sports-reference.com/cfb/schools/northern-illinois/2024.html
Northern Illinois,2023,7,6,.538,https://www.sports-reference.com/cfb/schools/northern-illinois/2023.html
Northern Illinois,2022,3,9,.250,https://www.sports-reference.com/cfb/schools/northern-illinois/2022.html
Northwestern,2024,4,8,.333,https://www.sports-reference.com/cfb/schools/northwestern/2024.html
Northwestern,2023,8,5,.615,https://www.sports-reference.com/cfb/schools/northwestern/2023.html
Northwestern,2022,1,11,.083,https://www.sports-reference.com/cfb/schools/northwestern/2022.html
Notre Dame,2024,14,2,.875,https://www.sports-reference.com/cfb/schools/notre-dame/2024.html
Notre Dame,2023,10,3,.769,https://www.sports-reference.com/cfb/schools/notre-dame/2023.html
Notre Dame,2022,9,4,.692,https://www.sports-reference.com/cfb/schools/notre-dame/2022.html
Ohio,2024,11,3,.786,https://www.sports-reference.com/cfb/schools/ohio/2024.html
Ohio,2023,10,3,.769,https://www.sports-reference.com/cfb/schools/ohio/2023.html
Ohio,2022,10,4,.714,https://www.sports-reference.com/cfb/schools/ohio/2022.html
Ohio State,2024,14,2,.875,https://www.sports-reference.com/cfb/schools/ohio-state/2024.html
Ohio State,2023,11,2,.846,https://www.sports-reference.com/cfb/schools/ohio-state/2023.html
Ohio State,2022,11,2,.846,https://www.sports-reference.com/cfb/schools/ohio-state/2022.html
Oklahoma,2024,6,7,.462,https://www.sports-reference.com/cfb/schools/oklahoma/2024.html
Oklahoma,2023,10,3,.769,https://www.sports-reference.com/cfb/schools/oklahoma/2023.html
Oklahoma,2022,6,7,.462,https://www.sports-reference.com/cfb/schools/oklahoma/2022.html
Oklahoma State,2024,3,9,.250,https://www.sports-reference.com/cfb/schools/oklahoma-state/2024.html
Oklahoma State,2023,10,4,.714,https://www.sports-reference.com/cfb/schools/oklahoma-state/2023.html
Oklahoma State,2022,7,6,.538,https://www.sports-reference.com/cfb/schools/oklahoma-state/2022.html
Old Dominion,2024,5,7,.417,https://www.sports-reference.com/cfb/schools/old-dominion/2024.html
Old Dominion,2023,6,7,.462,https://www.sports-reference.com/cfb/schools/old-dominion/2023.html
Old Dominion,2022,3,9,.250,https://www.sports-reference.com/cfb/schools/old-dominion/2022.html
Ole Miss,2024,10,3,.769,https://www.sports-reference.com/cfb/schools/mississippi/2024.html
Ole Miss,2023,11,2,.846,https://www.sports-reference.com/cfb/schools/mississippi/2023.html
Ole Miss,2022,8,5,.615,https://www.sports-reference.com/cfb/schools/mississippi/2022.html
Oregon,2024,13,1,.929,https://www.sports-reference.com/cfb/schools/oregon/2024.html
Oregon,2023,12,2,.857,https://www.sports-reference.com/cfb/schools/oregon/2023.html
Oregon,2022,10,3,.769,https://www.sports-reference.com/cfb/schools/oregon/2022.html
Oregon State,2024,5,7,.417,https://www.sports-reference.com/cfb/schools/oregon-state/2024.html
Oregon State,2023,8,5,.615,https://www.sports-reference.com/cfb/schools/oregon-state/2023.html
Oregon State,2022,10,3,.769,https://www.sports-reference.com/cfb/schools/oregon-state/2022.html
Penn State,2024,13,3,.813,https://www.sports-reference.com/cfb/schools/penn-state/2024.html
Penn State,2023,10,3,.769,https://www.sports-reference.com/cfb/schools/penn-state/2023.html
Penn State,2022,11,2,.846,https://www.sports-reference.com/cfb/schools/penn-state/2022.html
Pitt,2024,7,6,.538,https://www.sports-reference.com/cfb/schools/pittsburgh/2024.html
Pitt,2023,3,9,.250,https://www.sports-reference.com/cfb/schools/pittsburgh/2023.html
Pitt,2022,9,4,.692,https://www.sports-reference.com/cfb/schools/pittsburgh/2022.html
Purdue,2024,1,11,.083,https://www.sports-reference.com/cfb/schools/purdue/2024.html
Purdue,2023,4,8,.333,https://www.sports-reference.com/cfb/schools/purdue/2023.html
Purdue,2022,8,6,.571,https://www.sports-reference.com/cfb/schools/purdue/2022.html
Rice,2024,4,8,.333,https://www.sports-reference.com/cfb/schools/rice/2024.html
Rice,2023,6,7,.462,https://www.sports-reference.com/cfb/schools/rice/2023.html
Rice,2022,5,8,.385,https://www.sports-reference.com/cfb/schools/rice/2022.html
Rutgers,2024,7,6,.538,https://www.sports-reference.com/cfb/schools/rutgers/2024.html
Rutgers,2023,7,6,.538,https://www.sports-reference.com/cfb/schools/rutgers/2023.html
Rutgers,2022,4,8,.333,https://www.sports-reference.com/cfb/schools/rutgers/2022.html
San Diego State,2024,3,9,.250,https://www.sports-reference.com/cfb/schools/san-diego-state/2024.html
San Diego State,2023,4,8,.333,https://www.sports-reference.com/cfb/schools/san-diego-state/2023.html
San Diego State,2022,7,6,.538,https://www.sports-reference.com/cfb/schools/san-diego-state/2022.html
San Jose State,2024,7,6,.538,https://www.sports-reference.com/cfb/schools/san-jose-state/2024.html
San Jose State,2023,7,6,.538,https://www.sports-reference.com/cfb/schools/san-jose-state/2023.html
San Jose State,2022,7,5,.583,https://www.sports-reference.com/cfb/schools/san-jose-state/2022.html
SMU,2024,11,3,.786,https://www.sports-reference.com/cfb/schools/southern-methodist/2024.html
SMU,2023,11,3,.786,https://www.sports-reference.com/cfb/schools/southern-methodist/2023.html
SMU,2022,7,6,.538,https://www.sports-reference.com/cfb/schools/southern-methodist/2022.html
South Alabama,2024,7,6,.538,https://www.sports-reference.com/cfb/schools/south-alabama/2024.html
South Alabama,2023,7,6,.538,https://www.sports-reference.com/cfb/schools/south-alabama/2023.html
South Alabama,2022,10,3,.769,https://www.sports-reference.com/cfb/schools/south-alabama/2022.html
South Carolina,2024,9,4,.692,https://www.sports-reference.com/cfb/schools/south-carolina/2024.html
South Carolina,2023,5,7,.417,https://www.sports-reference.com/cfb/schools/south-carolina/2023.html
South Carolina,2022,8,5,.615,https://www.sports-reference.com/cfb/schools/south-carolina/2022.html
South Florida,2024,7,6,.538,https://www.sports-reference.com/cfb/schools/south-florida/2024.html
South Florida,2023,7,6,.538,https://www.sports-reference.com/cfb/schools/south-florida/2023.html
South Florida,2022,1,11,.083,https://www.sports-reference.com/cfb/schools/south-florida/2022.html
Southern Mississippi,2024,1,11,.083,https://www.sports-reference.com/cfb/schools/southern-mississippi/2024.html
Southern Mississippi,2023,3,9,.250,https://www.sports-reference.com/cfb/schools/southern-mississippi/2023.html
Southern Mississippi,2022,7,6,.538,https://www.sports-reference.com/cfb/schools/southern-mississippi/2022.html
Stanford,2024,3,9,.250,https://www.sports-reference.com/cfb/schools/stanford/2024.html
Stanford,2023,3,9,.250,https://www.sports-reference.com/cfb/schools/stanford/2023.html
Stanford,2022,3,9,.250,https://www.sports-reference.com/cfb/schools/stanford/2022.html
Syracuse,2024,10,3,.769,https://www.sports-reference.com/cfb/schools/syracuse/2024.html
Syracuse,2023,6,7,.462,https://www.sports-reference.com/cfb/schools/syracuse/2023.html
Syracuse,2022,7,6,.538,https://www.sports-reference.com/cfb/schools/syracuse/2022.html
Temple,2024,3,9,.250,https://www.sports-reference.com/cfb/schools/temple/2024.html
Temple,2023,3,9,.250,https://www.sports-reference.com/cfb/schools/temple/2023.html
Temple,2022,3,9,.250,https://www.sports-reference.com/cfb/schools/temple/2022.html
Tennessee,2024,10,3,.769,https://www.sports-reference.com/cfb/schools/tennessee/2024.html
Tennessee,2023,9,4,.692,https://www.sports-reference.com/cfb/schools/tennessee/2023.html
Tennessee,2022,11,2,.846,https://www.sports-reference.com/cfb/schools/tennessee/2022.html
Texas,2024,13,3,.813,https://www.sports-reference.com/cfb/schools/texas/2024.html
Texas,2023,12,2,.857,https://www.sports-reference.com/cfb/schools/texas/2023.html
Texas,2022,8,5,.615,https://www.sports-reference.com/cfb/schools/texas/2022.html
Texas A&M,2024,8,5,.615,https://www.sports-reference.com/cfb/schools/texas-am/2024.html
Texas A&M,2023,7,6,.538,https://www.sports-reference.com/cfb/schools/texas-am/2023.html
Texas A&M,2022,5,7,.417,https://www.sports-reference.com/cfb/schools/texas-am/2022.html
Texas Christian,2024,9,4,.692,https://www.sports-reference.com/cfb/schools/texas-christian/2024.html
Texas Christian,2023,5,7,.417,https://www.sports-reference.com/cfb/schools/texas-christian/2023.html
Texas Christian,2022,13,2,.867,https://www.sports-reference.com/cfb/schools/texas-christian/2022.html
Texas State,2024,8,5,.615,https://www.sports-reference.com/cfb/schools/texas-state/2024.html
Texas State,2023,8,5,.615,https://www.sports-reference.com/cfb/schools/texas-state/2023.html
Texas State,2022,4,8,.333,https://www.sports-reference.com/cfb/schools/texas-state/2022.html
Texas Tech,2024,8,5,.615,https://www.sports-reference.com/cfb/schools/texas-tech/2024.html
Texas Tech,2023,7,6,.538,https://www.sports-reference.com/cfb/schools/texas-tech/2023.html
Texas Tech,2022,8,5,.615,https://www.sports-reference.com/cfb/schools/texas-tech/2022.html
Toledo,2024,8,5,.615,https://www.sports-reference.com/cfb/schools/toledo/2024.html
Toledo,2023,11,3,.786,https://www.sports-reference.com/cfb/schools/toledo/2023.html
Toledo,2022,9,5,.643,https://www.sports-reference.com/cfb/schools/toledo/2022.html
Troy,2024,4,8,.333,https://www.sports-reference.com/cfb/schools/troy/2024.html
Troy,2023,11,3,.786,https://www.sports-reference.com/cfb/schools/troy/2023.html
Troy,2022,12,2,.857,https://www.sports-reference.com/cfb/schools/troy/2022.html
Tulane,2024,9,5,.643,https://www.sports-reference.com/cfb/schools/tulane/2024.html
Tulane,2023,11,3,.786,https://www.sports-reference.com/cfb/schools/tulane/2023.html
Tulane,2022,12,2,.857,https://www.sports-reference.com/cfb/schools/tulane/2022.html
Tulsa,2024,3,9,.250,https://www.sports-reference.com/cfb/schools/tulsa/2024.html
Tulsa,2023,4,8,.333,https://www.sports-reference.com/cfb/schools/tulsa/2023.html
Tulsa,2022,5,7,.417,https://www.sports-reference.com/cfb/schools/tulsa/2022.html
UAB,2024,3,9,.250,https://www.sports-reference.com/cfb/schools/alabama-birmingham/2024.html
UAB,2023,4,8,.333,https://www.sports-reference.com/cfb/schools/alabama-birmingham/2023.html
UAB,2022,7,6,.538,https://www.sports-reference.com/cfb/schools/alabama-birmingham/2022.html
UCF,2024,4,8,.333,https://www.sports-reference.com/cfb/schools/central-florida/2024.html
UCF,2023,6,7,.462,https://www.sports-reference.com/cfb/schools/central-florida/2023.html
UCF,2022,9,5,.643,https://www.sports-reference.com/cfb/schools/central-florida/2022.html
UCLA,2024,5,7,.417,https://www.sports-reference.com/cfb/schools/ucla/2024.html
UCLA,2023,8,5,.615,https://www.sports-reference.com/cfb/schools/ucla/2023.html
UCLA,2022,9,4,.692,https://www.sports-reference.com/cfb/schools/ucla/2022.html
USC,2024,7,6,.538,https://www.sports-reference.com/cfb/schools/southern-california/2024.html
USC,2023,8,5,.615,https://www.sports-reference.com/cfb/schools/southern-california/2023.html
USC,2022,11,3,.786,https://www.sports-reference.com/cfb/schools/southern-california/2022.html
Utah,2024,5,7,.417,https://www.sports-reference.com/cfb/schools/utah/2024.html
Utah,2023,8,5,.615,https://www.sports-reference.com/cfb/schools/utah/2023.html
Utah,2022,10,4,.714,https://www.sports-reference.com/cfb/schools/utah/2022.html
Utah State,2024,4,8,.333,https://www.sports-reference.com/cfb/schools/utah-state/2024.html
Utah State,2023,6,7,.462,https://www.sports-reference.com/cfb/schools/utah-state/2023.html
Utah State,2022,6,7,.462,https://www.sports-reference.com/cfb/schools/utah-state/2022.html
UTEP,2024,3,9,.250,https://www.sports-reference.com/cfb/schools/texas-el-paso/2024.html
UTEP,2023,3,9,.250,https://www.sports-reference.com/cfb/schools/texas-el-paso/2023.html
UTEP,2022,5,7,.417,https://www.sports-reference.com/cfb/schools/texas-el-paso/2022.html
UTSA,2024,7,6,.538,https://www.sports-reference.com/cfb/schools/texas-san-antonio/2024.html
UTSA,2023,9,4,.692,https://www.sports-reference.com/cfb/schools/texas-san-antonio/2023.html
UTSA,2022,11,3,.786,https://www.sports-reference.com/cfb/schools/texas-san-antonio/2022.html
Vanderbilt,2024,7,6,.538,https://www.sports-reference.com/cfb/schools/vanderbilt/2024.html
Vanderbilt,2023,2,10,.167,https://www.sports-reference.com/cfb/schools/vanderbilt/2023.html
Vanderbilt,2022,5,7,.417,https://www.sports-reference.com/cfb/schools/vanderbilt/2022.html
Virginia,2024,5,7,.417,https://www.sports-reference.com/cfb/schools/virginia/2024.html
Virginia,2023,3,9,.250,https://www.sports-reference.com/cfb/schools/virginia/2023.html
Virginia,2022,3,7,.300,https://www.sports-reference.com/cfb/schools/virginia/2022.html
Virginia Tech,2024,6,7,.462,https://www.sports-reference.com/cfb/schools/virginia-tech/2024.html
Virginia Tech,2023,7,6,.538,https://www.sports-reference.com/cfb/schools/virginia-tech/2023.html
Virginia Tech,2022,3,8,.273,https://www.sports-reference.com/cfb/schools/virginia-tech/2022.html
Wake Forest,2024,4,8,.333,https://www.sports-reference.com/cfb/schools/wake-forest/2024.html
Wake Forest,2023,4,8,.333,https://www.sports-reference.com/cfb/schools/wake-forest/2023.html
Wake Forest,2022,8,5,.615,https://www.sports-reference.com/cfb/schools/wake-forest/2022.html
Washington,2024,6,7,.462,https://www.sports-reference.com/cfb/schools/washington/2024.html
Washington,2023,14,1,.933,https://www.sports-reference.com/cfb/schools/washington/2023.html
Washington,2022,11,2,.846,https://www.sports-reference.com/cfb/schools/washington/2022.html
Washington State,2024,8,5,.615,https://www.sports-reference.com/cfb/schools/washington-state/2024.html
Washington State,2023,5,7,.417,https://www.sports-reference.com/cfb/schools/washington-state/2023.html
Washington State,2022,7,6,.538,https://www.sports-reference.com/cfb/schools/washington-state/2022.html
West Virginia,2024,6,7,.462,https://www.sports-reference.com/cfb/schools/west-virginia/2024.html
West Virginia,2023,9,4,.692,https://www.sports-reference.com/cfb/schools/west-virginia/2023.html
West Virginia,2022,5,7,.417,https://www.sports-reference.com/cfb/schools/west-virginia/2022.html
Western Kentucky,2024,8,6,.571,https://www.sports-reference.com/cfb/schools/western-kentucky/2024.html
Western Kentucky,2023,8,5,.615,https://www.sports-reference.com/cfb/schools/western-kentucky/2023.html
Western Kentucky,2022,9,5,.643,https://www.sports-reference.com/cfb/schools/western-kentucky/2022.html
Western Michigan,2024,6,7,.462,https://www.sports-reference.com/cfb/schools/western-michigan/2024.html
Western Michigan,2023,4,8,.333,https://www.sports-reference.com/cfb/schools/western-michigan/2023.html
Western Michigan,2022,5,7,.417,https://www.sports-reference.com/cfb/schools/western-michigan/2022.html
Wisconsin,2024,5,7,.417,https://www.sports-reference.com/cfb/schools/wisconsin/2024.html
Wisconsin,2023,7,6,.538,https://www.sports-reference.com/cfb/schools/wisconsin/2023.html
Wisconsin,2022,7,6,.538,https://www.sports-reference.com/cfb/schools/wisconsin/2022.html
Wyoming,2024,3,9,.250,https://www.sports-reference.com/cfb/schools/wyoming/2024.html
Wyoming,2023,9,4,.692,https://www.sports-reference.com/cfb/schools/wyoming/2023.html
Wyoming,2022,7,6,.538,https://www.sports-reference.com/cfb/schools/wyoming/2022.html
